{
  "similarity_computation_time": 0.5564906597137451,
  "similarity_matrix_shape": [
    3883,
    3883
  ],
  "content_rmse": 1.2813636267111073,
  "content_mae": 0.9949298745016479,
  "evaluation_samples": 3941,
  "genre_coverage": 1.0,
  "total_genres_in_recommendations": 18,
  "total_possible_genres": 18,
  "average_genre_entropy": 1.601153751510591
}